"student_ID","School_ID","Math_Score","N_h","N"
"ID1","009514",53,173,1732
"ID2","009514",41,173,1732
"ID3","009514",55,173,1732
"ID4","009514",40,173,1732
"ID5","009514",55,173,1732
"ID6","009514",55,173,1732
"ID7","009514",53,173,1732
"ID8","009514",56,173,1732
"ID9","009514",83,173,1732
"ID10","009514",58,173,1732
"ID11","009514",58,173,1732
"ID12","009514",36,173,1732
"ID13","009514",55,173,1732
"ID14","009514",61,173,1732
"ID15","009514",56,173,1732
"ID16","009514",52,173,1732
"ID17","009514",50,173,1732
"ID18","009514",55,173,1732
"ID19","009514",50,173,1732
"ID20","009514",68,173,1732
"ID21","009514",62,173,1732
"ID22","009514",37,173,1732
"ID23","009514",55,173,1732
"ID24","009514",58,173,1732
"ID25","009514",38,173,1732
"ID26","009514",49,173,1732
"ID27","009514",72,173,1732
"ID28","009514",45,173,1732
"ID29","009514",75,173,1732
"ID30","009514",52,173,1732
"ID31","009514",55,173,1732
"ID32","009514",69,173,1732
"ID33","009514",59,173,1732
"ID34","009514",70,173,1732
"ID35","009514",63,173,1732
"ID36","009514",52,173,1732
"ID37","009514",53,173,1732
"ID38","009514",59,173,1732
"ID39","009514",47,173,1732
"ID40","009514",58,173,1732
"ID41","009514",47,173,1732
"ID42","009514",70,173,1732
"ID43","009514",52,173,1732
"ID44","009514",60,173,1732
"ID45","009514",55,173,1732
"ID46","009514",58,173,1732
"ID47","009514",56,173,1732
"ID48","009514",36,173,1732
"ID49","009514",58,173,1732
"ID50","009514",70,173,1732
"ID51","009514",48,173,1732
"ID52","009514",55,173,1732
"ID53","009514",53,173,1732
"ID54","009514",69,173,1732
"ID55","009514",55,173,1732
"ID56","009514",70,173,1732
"ID57","009514",45,173,1732
"ID58","009514",59,173,1732
"ID59","009514",53,173,1732
"ID60","009514",62,173,1732
"ID61","009514",42,173,1732
"ID62","009514",44,173,1732
"ID63","009514",47,173,1732
"ID64","009514",67,173,1732
"ID65","009514",49,173,1732
"ID66","009514",47,173,1732
"ID67","009514",66,173,1732
"ID68","009514",51,173,1732
"ID69","009514",42,173,1732
"ID70","009514",42,173,1732
"ID71","009514",56,173,1732
"ID72","009514",45,173,1732
"ID73","009514",64,173,1732
"ID74","009514",70,173,1732
"ID75","009514",60,173,1732
"ID76","009514",64,173,1732
"ID77","009514",56,173,1732
"ID78","009514",52,173,1732
"ID79","009514",37,173,1732
"ID80","009514",50,173,1732
"ID81","009514",43,173,1732
"ID82","009514",55,173,1732
"ID83","009514",61,173,1732
"ID84","009514",46,173,1732
"ID85","009514",55,173,1732
"ID86","009514",43,173,1732
"ID87","009514",52,173,1732
"ID88","009514",49,173,1732
"ID89","009514",63,173,1732
"ID90","009514",59,173,1732
"ID91","009514",47,173,1732
"ID92","009514",53,173,1732
"ID93","009514",60,173,1732
"ID94","009514",58,173,1732
"ID95","009514",45,173,1732
"ID96","009514",59,173,1732
"ID97","009514",58,173,1732
"ID98","009514",52,173,1732
"ID99","009514",43,173,1732
"ID100","009514",52,173,1732
"ID101","009514",56,173,1732
"ID102","009514",50,173,1732
"ID103","009514",45,173,1732
"ID104","009514",50,173,1732
"ID105","009514",52,173,1732
"ID106","009514",77,173,1732
"ID107","009514",58,173,1732
"ID108","009514",64,173,1732
"ID109","009514",47,173,1732
"ID110","009514",58,173,1732
"ID111","009514",42,173,1732
"ID112","009514",53,173,1732
"ID113","009514",52,173,1732
"ID114","009514",50,173,1732
"ID115","009514",52,173,1732
"ID116","009514",50,173,1732
"ID117","009514",48,173,1732
"ID118","009514",48,173,1732
"ID119","009514",55,173,1732
"ID120","009514",52,173,1732
"ID121","009514",61,173,1732
"ID122","009514",52,173,1732
"ID123","009514",45,173,1732
"ID124","009514",46,173,1732
"ID125","009514",53,173,1732
"ID126","009514",58,173,1732
"ID127","009514",58,173,1732
"ID128","009514",72,173,1732
"ID129","009514",59,173,1732
"ID130","009514",63,173,1732
"ID131","009514",58,173,1732
"ID132","009514",56,173,1732
"ID133","009514",58,173,1732
"ID134","009514",63,173,1732
"ID135","009514",72,173,1732
"ID136","009514",83,173,1732
"ID137","009514",50,173,1732
"ID138","009514",53,173,1732
"ID139","009514",62,173,1732
"ID140","009514",61,173,1732
"ID141","009514",56,173,1732
"ID142","009514",65,173,1732
"ID143","009514",79,173,1732
"ID144","009514",74,173,1732
"ID145","009514",56,173,1732
"ID146","009514",36,173,1732
"ID147","009514",60,173,1732
"ID148","009514",50,173,1732
"ID149","009514",58,173,1732
"ID150","009514",47,173,1732
"ID151","009514",55,173,1732
"ID152","009514",53,173,1732
"ID153","009514",52,173,1732
"ID154","009514",62,173,1732
"ID155","009514",53,173,1732
"ID156","009514",56,173,1732
"ID157","009514",61,173,1732
"ID158","009514",62,173,1732
"ID159","009514",47,173,1732
"ID160","009514",52,173,1732
"ID161","009514",59,173,1732
"ID162","009514",52,173,1732
"ID163","009514",45,173,1732
"ID164","009514",49,173,1732
"ID165","009514",45,173,1732
"ID166","009514",50,173,1732
"ID167","009514",61,173,1732
"ID168","009514",53,173,1732
"ID169","009514",48,173,1732
"ID170","009514",81,173,1732
"ID171","009514",69,173,1732
"ID172","009514",69,173,1732
"ID173","009514",55,173,1732
"ID174","009530",64,106,1732
"ID175","009530",52,106,1732
"ID176","009530",69,106,1732
"ID177","009530",81,106,1732
"ID178","009530",81,106,1732
"ID179","009530",53,106,1732
"ID180","009530",62,106,1732
"ID181","009530",64,106,1732
"ID182","009530",59,106,1732
"ID183","009530",61,106,1732
"ID184","009530",63,106,1732
"ID185","009530",61,106,1732
"ID186","009530",52,106,1732
"ID187","009530",61,106,1732
"ID188","009530",66,106,1732
"ID189","009530",50,106,1732
"ID190","009530",58,106,1732
"ID191","009530",47,106,1732
"ID192","009530",59,106,1732
"ID193","009530",50,106,1732
"ID194","009530",77,106,1732
"ID195","009530",53,106,1732
"ID196","009530",67,106,1732
"ID197","009530",64,106,1732
"ID198","009530",45,106,1732
"ID199","009530",53,106,1732
"ID200","009530",45,106,1732
"ID201","009530",42,106,1732
"ID202","009530",74,106,1732
"ID203","009530",81,106,1732
"ID204","009530",63,106,1732
"ID205","009530",74,106,1732
"ID206","009530",79,106,1732
"ID207","009530",62,106,1732
"ID208","009530",66,106,1732
"ID209","009530",60,106,1732
"ID210","009530",67,106,1732
"ID211","009530",50,106,1732
"ID212","009530",51,106,1732
"ID213","009530",60,106,1732
"ID214","009530",53,106,1732
"ID215","009530",61,106,1732
"ID216","009530",69,106,1732
"ID217","009530",63,106,1732
"ID218","009530",45,106,1732
"ID219","009530",46,106,1732
"ID220","009530",64,106,1732
"ID221","009530",44,106,1732
"ID222","009530",59,106,1732
"ID223","009530",52,106,1732
"ID224","009530",64,106,1732
"ID225","009530",50,106,1732
"ID226","009530",63,106,1732
"ID227","009530",64,106,1732
"ID228","009530",69,106,1732
"ID229","009530",55,106,1732
"ID230","009530",41,106,1732
"ID231","009530",53,106,1732
"ID232","009530",50,106,1732
"ID233","009530",65,106,1732
"ID234","009530",50,106,1732
"ID235","009530",48,106,1732
"ID236","009530",47,106,1732
"ID237","009530",55,106,1732
"ID238","009530",61,106,1732
"ID239","009530",72,106,1732
"ID240","009530",61,106,1732
"ID241","009530",61,106,1732
"ID242","009530",58,106,1732
"ID243","009530",64,106,1732
"ID244","009530",62,106,1732
"ID245","009530",70,106,1732
"ID246","009530",59,106,1732
"ID247","009530",49,106,1732
"ID248","009530",61,106,1732
"ID249","009530",56,106,1732
"ID250","009530",77,106,1732
"ID251","009530",69,106,1732
"ID252","009530",52,106,1732
"ID253","009530",58,106,1732
"ID254","009530",57,106,1732
"ID255","009530",63,106,1732
"ID256","009530",70,106,1732
"ID257","009530",55,106,1732
"ID258","009530",81,106,1732
"ID259","009530",61,106,1732
"ID260","009530",52,106,1732
"ID261","009530",52,106,1732
"ID262","009530",72,106,1732
"ID263","009530",70,106,1732
"ID264","009530",69,106,1732
"ID265","009530",48,106,1732
"ID266","009530",63,106,1732
"ID267","009530",64,106,1732
"ID268","009530",55,106,1732
"ID269","009530",56,106,1732
"ID270","009530",64,106,1732
"ID271","009530",77,106,1732
"ID272","009530",70,106,1732
"ID273","009530",95,106,1732
"ID274","009530",70,106,1732
"ID275","009530",77,106,1732
"ID276","009530",56,106,1732
"ID277","009530",62,106,1732
"ID278","009530",53,106,1732
"ID279","009530",59,106,1732
"ID280","009548",56,147,1732
"ID281","009548",61,147,1732
"ID282","009548",70,147,1732
"ID283","009548",72,147,1732
"ID284","009548",60,147,1732
"ID285","009548",45,147,1732
"ID286","009548",74,147,1732
"ID287","009548",55,147,1732
"ID288","009548",64,147,1732
"ID289","009548",55,147,1732
"ID290","009548",45,147,1732
"ID291","009548",70,147,1732
"ID292","009548",83,147,1732
"ID293","009548",64,147,1732
"ID294","009548",59,147,1732
"ID295","009548",52,147,1732
"ID296","009548",70,147,1732
"ID297","009548",66,147,1732
"ID298","009548",52,147,1732
"ID299","009548",70,147,1732
"ID300","009548",45,147,1732
"ID301","009548",59,147,1732
"ID302","009548",55,147,1732
"ID303","009548",58,147,1732
"ID304","009548",59,147,1732
"ID305","009548",63,147,1732
"ID306","009548",39,147,1732
"ID307","009548",50,147,1732
"ID308","009548",58,147,1732
"ID309","009548",45,147,1732
"ID310","009548",55,147,1732
"ID311","009548",61,147,1732
"ID312","009548",53,147,1732
"ID313","009548",53,147,1732
"ID314","009548",55,147,1732
"ID315","009548",92,147,1732
"ID316","009548",56,147,1732
"ID317","009548",55,147,1732
"ID318","009548",49,147,1732
"ID319","009548",55,147,1732
"ID320","009548",63,147,1732
"ID321","009548",61,147,1732
"ID322","009548",61,147,1732
"ID323","009548",67,147,1732
"ID324","009548",61,147,1732
"ID325","009548",72,147,1732
"ID326","009548",53,147,1732
"ID327","009548",63,147,1732
"ID328","009548",70,147,1732
"ID329","009548",55,147,1732
"ID330","009548",70,147,1732
"ID331","009548",74,147,1732
"ID332","009548",72,147,1732
"ID333","009548",47,147,1732
"ID334","009548",79,147,1732
"ID335","009548",57,147,1732
"ID336","009548",75,147,1732
"ID337","009548",64,147,1732
"ID338","009548",53,147,1732
"ID339","009548",72,147,1732
"ID340","009548",50,147,1732
"ID341","009548",46,147,1732
"ID342","009548",48,147,1732
"ID343","009548",58,147,1732
"ID344","009548",61,147,1732
"ID345","009548",70,147,1732
"ID346","009548",62,147,1732
"ID347","009548",67,147,1732
"ID348","009548",63,147,1732
"ID349","009548",83,147,1732
"ID350","009548",53,147,1732
"ID351","009548",66,147,1732
"ID352","009548",56,147,1732
"ID353","009548",69,147,1732
"ID354","009548",59,147,1732
"ID355","009548",62,147,1732
"ID356","009548",55,147,1732
"ID357","009548",70,147,1732
"ID358","009548",52,147,1732
"ID359","009548",55,147,1732
"ID360","009548",70,147,1732
"ID361","009548",60,147,1732
"ID362","009548",55,147,1732
"ID363","009548",58,147,1732
"ID364","009548",69,147,1732
"ID365","009548",55,147,1732
"ID366","009548",62,147,1732
"ID367","009548",59,147,1732
"ID368","009548",67,147,1732
"ID369","009548",63,147,1732
"ID370","009548",57,147,1732
"ID371","009548",61,147,1732
"ID372","009548",56,147,1732
"ID373","009548",70,147,1732
"ID374","009548",49,147,1732
"ID375","009548",67,147,1732
"ID376","009548",83,147,1732
"ID377","009548",61,147,1732
"ID378","009548",58,147,1732
"ID379","009548",90,147,1732
"ID380","009548",60,147,1732
"ID381","009548",62,147,1732
"ID382","009548",79,147,1732
"ID383","009548",53,147,1732
"ID384","009548",87,147,1732
"ID385","009548",63,147,1732
"ID386","009548",69,147,1732
"ID387","009548",53,147,1732
"ID388","009548",74,147,1732
"ID389","009548",53,147,1732
"ID390","009548",57,147,1732
"ID391","009548",65,147,1732
"ID392","009548",79,147,1732
"ID393","009548",44,147,1732
"ID394","009548",48,147,1732
"ID395","009548",58,147,1732
"ID396","009548",70,147,1732
"ID397","009548",50,147,1732
"ID398","009548",67,147,1732
"ID399","009548",46,147,1732
"ID400","009548",64,147,1732
"ID401","009548",62,147,1732
"ID402","009548",56,147,1732
"ID403","009548",55,147,1732
"ID404","009548",55,147,1732
"ID405","009548",57,147,1732
"ID406","009548",61,147,1732
"ID407","009548",60,147,1732
"ID408","009548",67,147,1732
"ID409","009548",58,147,1732
"ID410","009548",55,147,1732
"ID411","009548",61,147,1732
"ID412","009548",75,147,1732
"ID413","009548",59,147,1732
"ID414","009548",52,147,1732
"ID415","009548",59,147,1732
"ID416","009548",59,147,1732
"ID417","009548",55,147,1732
"ID418","009548",57,147,1732
"ID419","009548",50,147,1732
"ID420","009548",45,147,1732
"ID421","009548",57,147,1732
"ID422","009548",50,147,1732
"ID423","009548",48,147,1732
"ID424","009548",66,147,1732
"ID425","009548",69,147,1732
"ID426","009548",56,147,1732
"ID427","009555",70,192,1732
"ID428","009555",55,192,1732
"ID429","009555",50,192,1732
"ID430","009555",47,192,1732
"ID431","009555",53,192,1732
"ID432","009555",55,192,1732
"ID433","009555",61,192,1732
"ID434","009555",50,192,1732
"ID435","009555",49,192,1732
"ID436","009555",58,192,1732
"ID437","009555",50,192,1732
"ID438","009555",60,192,1732
"ID439","009555",39,192,1732
"ID440","009555",43,192,1732
"ID441","009555",55,192,1732
"ID442","009555",60,192,1732
"ID443","009555",50,192,1732
"ID444","009555",53,192,1732
"ID445","009555",45,192,1732
"ID446","009555",53,192,1732
"ID447","009555",55,192,1732
"ID448","009555",55,192,1732
"ID449","009555",53,192,1732
"ID450","009555",46,192,1732
"ID451","009555",64,192,1732
"ID452","009555",40,192,1732
"ID453","009555",47,192,1732
"ID454","009555",58,192,1732
"ID455","009555",40,192,1732
"ID456","009555",59,192,1732
"ID457","009555",41,192,1732
"ID458","009555",53,192,1732
"ID459","009555",59,192,1732
"ID460","009555",56,192,1732
"ID461","009555",49,192,1732
"ID462","009555",50,192,1732
"ID463","009555",57,192,1732
"ID464","009555",61,192,1732
"ID465","009555",40,192,1732
"ID466","009555",55,192,1732
"ID467","009555",53,192,1732
"ID468","009555",66,192,1732
"ID469","009555",48,192,1732
"ID470","009555",64,192,1732
"ID471","009555",48,192,1732
"ID472","009555",55,192,1732
"ID473","009555",62,192,1732
"ID474","009555",62,192,1732
"ID475","009555",55,192,1732
"ID476","009555",39,192,1732
"ID477","009555",58,192,1732
"ID478","009555",56,192,1732
"ID479","009555",44,192,1732
"ID480","009555",47,192,1732
"ID481","009555",51,192,1732
"ID482","009555",47,192,1732
"ID483","009555",70,192,1732
"ID484","009555",47,192,1732
"ID485","009555",55,192,1732
"ID486","009555",58,192,1732
"ID487","009555",66,192,1732
"ID488","009555",48,192,1732
"ID489","009555",45,192,1732
"ID490","009555",55,192,1732
"ID491","009555",45,192,1732
"ID492","009555",72,192,1732
"ID493","009555",52,192,1732
"ID494","009555",41,192,1732
"ID495","009555",55,192,1732
"ID496","009555",45,192,1732
"ID497","009555",50,192,1732
"ID498","009555",57,192,1732
"ID499","009555",45,192,1732
"ID500","009555",61,192,1732
"ID501","009555",69,192,1732
"ID502","009555",37,192,1732
"ID503","009555",59,192,1732
"ID504","009555",48,192,1732
"ID505","009555",58,192,1732
"ID506","009555",61,192,1732
"ID507","009555",49,192,1732
"ID508","009555",58,192,1732
"ID509","009555",48,192,1732
"ID510","009555",50,192,1732
"ID511","009555",41,192,1732
"ID512","009555",45,192,1732
"ID513","009555",46,192,1732
"ID514","009555",34,192,1732
"ID515","009555",55,192,1732
"ID516","009555",53,192,1732
"ID517","009555",47,192,1732
"ID518","009555",60,192,1732
"ID519","009555",61,192,1732
"ID520","009555",45,192,1732
"ID521","009555",37,192,1732
"ID522","009555",67,192,1732
"ID523","009555",45,192,1732
"ID524","009555",49,192,1732
"ID525","009555",38,192,1732
"ID526","009555",36,192,1732
"ID527","009555",53,192,1732
"ID528","009555",50,192,1732
"ID529","009555",58,192,1732
"ID530","009555",55,192,1732
"ID531","009555",55,192,1732
"ID532","009555",42,192,1732
"ID533","009555",47,192,1732
"ID534","009555",49,192,1732
"ID535","009555",99,192,1732
"ID536","009555",39,192,1732
"ID537","009555",39,192,1732
"ID538","009555",45,192,1732
"ID539","009555",44,192,1732
"ID540","009555",53,192,1732
"ID541","009555",56,192,1732
"ID542","009555",56,192,1732
"ID543","009555",39,192,1732
"ID544","009555",48,192,1732
"ID545","009555",61,192,1732
"ID546","009555",49,192,1732
"ID547","009555",53,192,1732
"ID548","009555",58,192,1732
"ID549","009555",58,192,1732
"ID550","009555",60,192,1732
"ID551","009555",49,192,1732
"ID552","009555",45,192,1732
"ID553","009555",50,192,1732
"ID554","009555",52,192,1732
"ID555","009555",50,192,1732
"ID556","009555",57,192,1732
"ID557","009555",66,192,1732
"ID558","009555",69,192,1732
"ID559","009555",46,192,1732
"ID560","009555",55,192,1732
"ID561","009555",48,192,1732
"ID562","009555",63,192,1732
"ID563","009555",53,192,1732
"ID564","009555",81,192,1732
"ID565","009555",58,192,1732
"ID566","009555",55,192,1732
"ID567","009555",56,192,1732
"ID568","009555",70,192,1732
"ID569","009555",52,192,1732
"ID570","009555",51,192,1732
"ID571","009555",64,192,1732
"ID572","009555",61,192,1732
"ID573","009555",46,192,1732
"ID574","009555",52,192,1732
"ID575","009555",61,192,1732
"ID576","009555",55,192,1732
"ID577","009555",42,192,1732
"ID578","009555",47,192,1732
"ID579","009555",52,192,1732
"ID580","009555",52,192,1732
"ID581","009555",58,192,1732
"ID582","009555",61,192,1732
"ID583","009555",59,192,1732
"ID584","009555",72,192,1732
"ID585","009555",61,192,1732
"ID586","009555",56,192,1732
"ID587","009555",53,192,1732
"ID588","009555",55,192,1732
"ID589","009555",55,192,1732
"ID590","009555",53,192,1732
"ID591","009555",58,192,1732
"ID592","009555",50,192,1732
"ID593","009555",41,192,1732
"ID594","009555",56,192,1732
"ID595","009555",59,192,1732
"ID596","009555",48,192,1732
"ID597","009555",55,192,1732
"ID598","009555",60,192,1732
"ID599","009555",38,192,1732
"ID600","009555",59,192,1732
"ID601","009555",64,192,1732
"ID602","009555",52,192,1732
"ID603","009555",46,192,1732
"ID604","009555",53,192,1732
"ID605","009555",58,192,1732
"ID606","009555",59,192,1732
"ID607","009555",58,192,1732
"ID608","009555",52,192,1732
"ID609","009555",50,192,1732
"ID610","009555",63,192,1732
"ID611","009555",52,192,1732
"ID612","009555",56,192,1732
"ID613","009555",66,192,1732
"ID614","009555",53,192,1732
"ID615","009555",47,192,1732
"ID616","009555",59,192,1732
"ID617","009555",64,192,1732
"ID618","009555",61,192,1732
"ID619","009571",52,40,1732
"ID620","009571",33,40,1732
"ID621","009571",53,40,1732
"ID622","009571",44,40,1732
"ID623","009571",53,40,1732
"ID624","009571",64,40,1732
"ID625","009571",34,40,1732
"ID626","009571",53,40,1732
"ID627","009571",57,40,1732
"ID628","009571",53,40,1732
"ID629","009571",48,40,1732
"ID630","009571",57,40,1732
"ID631","009571",56,40,1732
"ID632","009571",51,40,1732
"ID633","009571",49,40,1732
"ID634","009571",52,40,1732
"ID635","009571",41,40,1732
"ID636","009571",55,40,1732
"ID637","009571",55,40,1732
"ID638","009571",52,40,1732
"ID639","009571",42,40,1732
"ID640","009571",69,40,1732
"ID641","009571",61,40,1732
"ID642","009571",49,40,1732
"ID643","009571",55,40,1732
"ID644","009571",52,40,1732
"ID645","009571",40,40,1732
"ID646","009571",50,40,1732
"ID647","009571",58,40,1732
"ID648","009571",50,40,1732
"ID649","009571",67,40,1732
"ID650","009571",40,40,1732
"ID651","009571",43,40,1732
"ID652","009571",46,40,1732
"ID653","009571",56,40,1732
"ID654","009571",56,40,1732
"ID655","009571",50,40,1732
"ID656","009571",36,40,1732
"ID657","009571",41,40,1732
"ID658","009571",45,40,1732
"ID659","009589",56,158,1732
"ID660","009589",55,158,1732
"ID661","009589",43,158,1732
"ID662","009589",50,158,1732
"ID663","009589",55,158,1732
"ID664","009589",55,158,1732
"ID665","009589",58,158,1732
"ID666","009589",48,158,1732
"ID667","009589",47,158,1732
"ID668","009589",49,158,1732
"ID669","009589",58,158,1732
"ID670","009589",42,158,1732
"ID671","009589",45,158,1732
"ID672","009589",53,158,1732
"ID673","009589",48,158,1732
"ID674","009589",70,158,1732
"ID675","009589",45,158,1732
"ID676","009589",41,158,1732
"ID677","009589",46,158,1732
"ID678","009589",53,158,1732
"ID679","009589",49,158,1732
"ID680","009589",49,158,1732
"ID681","009589",45,158,1732
"ID682","009589",55,158,1732
"ID683","009589",47,158,1732
"ID684","009589",59,158,1732
"ID685","009589",48,158,1732
"ID686","009589",46,158,1732
"ID687","009589",56,158,1732
"ID688","009589",63,158,1732
"ID689","009589",47,158,1732
"ID690","009589",59,158,1732
"ID691","009589",47,158,1732
"ID692","009589",48,158,1732
"ID693","009589",46,158,1732
"ID694","009589",57,158,1732
"ID695","009589",42,158,1732
"ID696","009589",47,158,1732
"ID697","009589",59,158,1732
"ID698","009589",42,158,1732
"ID699","009589",37,158,1732
"ID700","009589",43,158,1732
"ID701","009589",49,158,1732
"ID702","009589",53,158,1732
"ID703","009589",47,158,1732
"ID704","009589",35,158,1732
"ID705","009589",38,158,1732
"ID706","009589",38,158,1732
"ID707","009589",55,158,1732
"ID708","009589",48,158,1732
"ID709","009589",55,158,1732
"ID710","009589",53,158,1732
"ID711","009589",48,158,1732
"ID712","009589",46,158,1732
"ID713","009589",47,158,1732
"ID714","009589",41,158,1732
"ID715","009589",53,158,1732
"ID716","009589",45,158,1732
"ID717","009589",55,158,1732
"ID718","009589",55,158,1732
"ID719","009589",52,158,1732
"ID720","009589",42,158,1732
"ID721","009589",43,158,1732
"ID722","009589",50,158,1732
"ID723","009589",43,158,1732
"ID724","009589",47,158,1732
"ID725","009589",51,158,1732
"ID726","009589",50,158,1732
"ID727","009589",45,158,1732
"ID728","009589",50,158,1732
"ID729","009589",67,158,1732
"ID730","009589",49,158,1732
"ID731","009589",60,158,1732
"ID732","009589",57,158,1732
"ID733","009589",43,158,1732
"ID734","009589",62,158,1732
"ID735","009589",55,158,1732
"ID736","009589",42,158,1732
"ID737","009589",58,158,1732
"ID738","009589",69,158,1732
"ID739","009589",47,158,1732
"ID740","009589",50,158,1732
"ID741","009589",36,158,1732
"ID742","009589",52,158,1732
"ID743","009589",58,158,1732
"ID744","009589",56,158,1732
"ID745","009589",50,158,1732
"ID746","009589",61,158,1732
"ID747","009589",44,158,1732
"ID748","009589",59,158,1732
"ID749","009589",50,158,1732
"ID750","009589",51,158,1732
"ID751","009589",52,158,1732
"ID752","009589",45,158,1732
"ID753","009589",63,158,1732
"ID754","009589",36,158,1732
"ID755","009589",62,158,1732
"ID756","009589",59,158,1732
"ID757","009589",44,158,1732
"ID758","009589",55,158,1732
"ID759","009589",38,158,1732
"ID760","009589",43,158,1732
"ID761","009589",40,158,1732
"ID762","009589",48,158,1732
"ID763","009589",53,158,1732
"ID764","009589",58,158,1732
"ID765","009589",48,158,1732
"ID766","009589",45,158,1732
"ID767","009589",50,158,1732
"ID768","009589",55,158,1732
"ID769","009589",50,158,1732
"ID770","009589",53,158,1732
"ID771","009589",53,158,1732
"ID772","009589",52,158,1732
"ID773","009589",35,158,1732
"ID774","009589",61,158,1732
"ID775","009589",55,158,1732
"ID776","009589",43,158,1732
"ID777","009589",55,158,1732
"ID778","009589",53,158,1732
"ID779","009589",58,158,1732
"ID780","009589",49,158,1732
"ID781","009589",55,158,1732
"ID782","009589",57,158,1732
"ID783","009589",58,158,1732
"ID784","009589",55,158,1732
"ID785","009589",48,158,1732
"ID786","009589",61,158,1732
"ID787","009589",42,158,1732
"ID788","009589",50,158,1732
"ID789","009589",53,158,1732
"ID790","009589",52,158,1732
"ID791","009589",44,158,1732
"ID792","009589",45,158,1732
"ID793","009589",45,158,1732
"ID794","009589",47,158,1732
"ID795","009589",53,158,1732
"ID796","009589",38,158,1732
"ID797","009589",47,158,1732
"ID798","009589",62,158,1732
"ID799","009589",47,158,1732
"ID800","009589",44,158,1732
"ID801","009589",50,158,1732
"ID802","009589",40,158,1732
"ID803","009589",40,158,1732
"ID804","009589",75,158,1732
"ID805","009589",45,158,1732
"ID806","009589",61,158,1732
"ID807","009589",59,158,1732
"ID808","009589",61,158,1732
"ID809","009589",43,158,1732
"ID810","009589",59,158,1732
"ID811","009589",49,158,1732
"ID812","009589",50,158,1732
"ID813","009589",36,158,1732
"ID814","009589",50,158,1732
"ID815","009589",44,158,1732
"ID816","009589",56,158,1732
"ID817","009597",47,114,1732
"ID818","009597",50,114,1732
"ID819","009597",69,114,1732
"ID820","009597",55,114,1732
"ID821","009597",47,114,1732
"ID822","009597",45,114,1732
"ID823","009597",50,114,1732
"ID824","009597",55,114,1732
"ID825","009597",48,114,1732
"ID826","009597",50,114,1732
"ID827","009597",63,114,1732
"ID828","009597",36,114,1732
"ID829","009597",49,114,1732
"ID830","009597",48,114,1732
"ID831","009597",43,114,1732
"ID832","009597",56,114,1732
"ID833","009597",48,114,1732
"ID834","009597",58,114,1732
"ID835","009597",45,114,1732
"ID836","009597",43,114,1732
"ID837","009597",53,114,1732
"ID838","009597",47,114,1732
"ID839","009597",50,114,1732
"ID840","009597",58,114,1732
"ID841","009597",62,114,1732
"ID842","009597",55,114,1732
"ID843","009597",61,114,1732
"ID844","009597",39,114,1732
"ID845","009597",61,114,1732
"ID846","009597",41,114,1732
"ID847","009597",29,114,1732
"ID848","009597",46,114,1732
"ID849","009597",55,114,1732
"ID850","009597",56,114,1732
"ID851","009597",45,114,1732
"ID852","009597",49,114,1732
"ID853","009597",38,114,1732
"ID854","009597",45,114,1732
"ID855","009597",49,114,1732
"ID856","009597",64,114,1732
"ID857","009597",47,114,1732
"ID858","009597",67,114,1732
"ID859","009597",46,114,1732
"ID860","009597",48,114,1732
"ID861","009597",53,114,1732
"ID862","009597",44,114,1732
"ID863","009597",45,114,1732
"ID864","009597",48,114,1732
"ID865","009597",52,114,1732
"ID866","009597",58,114,1732
"ID867","009597",55,114,1732
"ID868","009597",53,114,1732
"ID869","009597",50,114,1732
"ID870","009597",47,114,1732
"ID871","009597",42,114,1732
"ID872","009597",55,114,1732
"ID873","009597",53,114,1732
"ID874","009597",55,114,1732
"ID875","009597",64,114,1732
"ID876","009597",56,114,1732
"ID877","009597",58,114,1732
"ID878","009597",41,114,1732
"ID879","009597",45,114,1732
"ID880","009597",53,114,1732
"ID881","009597",67,114,1732
"ID882","009597",60,114,1732
"ID883","009597",50,114,1732
"ID884","009597",50,114,1732
"ID885","009597",45,114,1732
"ID886","009597",45,114,1732
"ID887","009597",53,114,1732
"ID888","009597",45,114,1732
"ID889","009597",38,114,1732
"ID890","009597",33,114,1732
"ID891","009597",47,114,1732
"ID892","009597",61,114,1732
"ID893","009597",50,114,1732
"ID894","009597",49,114,1732
"ID895","009597",56,114,1732
"ID896","009597",47,114,1732
"ID897","009597",51,114,1732
"ID898","009597",41,114,1732
"ID899","009597",58,114,1732
"ID900","009597",45,114,1732
"ID901","009597",58,114,1732
"ID902","009597",48,114,1732
"ID903","009597",50,114,1732
"ID904","009597",40,114,1732
"ID905","009597",29,114,1732
"ID906","009597",42,114,1732
"ID907","009597",47,114,1732
"ID908","009597",60,114,1732
"ID909","009597",53,114,1732
"ID910","009597",47,114,1732
"ID911","009597",46,114,1732
"ID912","009597",50,114,1732
"ID913","009597",49,114,1732
"ID914","009597",42,114,1732
"ID915","009597",50,114,1732
"ID916","009597",66,114,1732
"ID917","009597",64,114,1732
"ID918","009597",49,114,1732
"ID919","009597",40,114,1732
"ID920","009597",60,114,1732
"ID921","009597",56,114,1732
"ID922","009597",45,114,1732
"ID923","009597",56,114,1732
"ID924","009597",42,114,1732
"ID925","009597",55,114,1732
"ID926","009597",53,114,1732
"ID927","009597",56,114,1732
"ID928","009597",56,114,1732
"ID929","009597",47,114,1732
"ID930","009597",40,114,1732
"ID931","063289",53,36,1732
"ID932","063289",47,36,1732
"ID933","063289",46,36,1732
"ID934","063289",47,36,1732
"ID935","063289",53,36,1732
"ID936","063289",47,36,1732
"ID937","063289",56,36,1732
"ID938","063289",47,36,1732
"ID939","063289",56,36,1732
"ID940","063289",43,36,1732
"ID941","063289",61,36,1732
"ID942","063289",47,36,1732
"ID943","063289",45,36,1732
"ID944","063289",40,36,1732
"ID945","063289",43,36,1732
"ID946","063289",39,36,1732
"ID947","063289",38,36,1732
"ID948","063289",81,36,1732
"ID949","063289",44,36,1732
"ID950","063289",55,36,1732
"ID951","063289",47,36,1732
"ID952","063289",56,36,1732
"ID953","063289",50,36,1732
"ID954","063289",45,36,1732
"ID955","063289",55,36,1732
"ID956","063289",58,36,1732
"ID957","063289",55,36,1732
"ID958","063289",59,36,1732
"ID959","063289",40,36,1732
"ID960","063289",47,36,1732
"ID961","063289",45,36,1732
"ID962","063289",55,36,1732
"ID963","063289",57,36,1732
"ID964","063289",59,36,1732
"ID965","063289",52,36,1732
"ID966","063289",55,36,1732
"ID967","073155",55,18,1732
"ID968","073155",58,18,1732
"ID969","073155",62,18,1732
"ID970","073155",53,18,1732
"ID971","073155",47,18,1732
"ID972","073155",56,18,1732
"ID973","073155",55,18,1732
"ID974","073155",47,18,1732
"ID975","073155",58,18,1732
"ID976","073155",52,18,1732
"ID977","073155",53,18,1732
"ID978","073155",49,18,1732
"ID979","073155",58,18,1732
"ID980","073155",58,18,1732
"ID981","073155",44,18,1732
"ID982","073155",59,18,1732
"ID983","073155",50,18,1732
"ID984","073155",41,18,1732
"ID985","076737",63,27,1732
"ID986","076737",45,27,1732
"ID987","076737",53,27,1732
"ID988","076737",48,27,1732
"ID989","076737",41,27,1732
"ID990","076737",53,27,1732
"ID991","076737",50,27,1732
"ID992","076737",39,27,1732
"ID993","076737",42,27,1732
"ID994","076737",49,27,1732
"ID995","076737",48,27,1732
"ID996","076737",45,27,1732
"ID997","076737",40,27,1732
"ID998","076737",59,27,1732
"ID999","076737",37,27,1732
"ID1000","076737",55,27,1732
"ID1001","076737",47,27,1732
"ID1002","076737",47,27,1732
"ID1003","076737",45,27,1732
"ID1004","076737",45,27,1732
"ID1005","076737",55,27,1732
"ID1006","076737",47,27,1732
"ID1007","076737",47,27,1732
"ID1008","076737",35,27,1732
"ID1009","076737",42,27,1732
"ID1010","076737",47,27,1732
"ID1011","076737",45,27,1732
"ID1012","081307",44,13,1732
"ID1013","081307",47,13,1732
"ID1014","081307",50,13,1732
"ID1015","081307",85,13,1732
"ID1016","081307",50,13,1732
"ID1017","081307",52,13,1732
"ID1018","081307",61,13,1732
"ID1019","081307",49,13,1732
"ID1020","081307",61,13,1732
"ID1021","081307",39,13,1732
"ID1022","081307",55,13,1732
"ID1023","081307",58,13,1732
"ID1024","081307",58,13,1732
"ID1025","088831",45,15,1732
"ID1026","088831",66,15,1732
"ID1027","088831",52,15,1732
"ID1028","088831",37,15,1732
"ID1029","088831",45,15,1732
"ID1030","088831",52,15,1732
"ID1031","088831",58,15,1732
"ID1032","088831",52,15,1732
"ID1033","088831",45,15,1732
"ID1034","088831",47,15,1732
"ID1035","088831",51,15,1732
"ID1036","088831",50,15,1732
"ID1037","088831",39,15,1732
"ID1038","088831",45,15,1732
"ID1039","088831",45,15,1732
"ID1040","091942",50,24,1732
"ID1041","091942",52,24,1732
"ID1042","091942",32,24,1732
"ID1043","091942",39,24,1732
"ID1044","091942",40,24,1732
"ID1045","091942",53,24,1732
"ID1046","091942",41,24,1732
"ID1047","091942",45,24,1732
"ID1048","091942",66,24,1732
"ID1049","091942",48,24,1732
"ID1050","091942",41,24,1732
"ID1051","091942",45,24,1732
"ID1052","091942",43,24,1732
"ID1053","091942",56,24,1732
"ID1054","091942",55,24,1732
"ID1055","091942",50,24,1732
"ID1056","091942",42,24,1732
"ID1057","091942",49,24,1732
"ID1058","091942",53,24,1732
"ID1059","091942",48,24,1732
"ID1060","091942",40,24,1732
"ID1061","091942",67,24,1732
"ID1062","091942",47,24,1732
"ID1063","091942",52,24,1732
"ID1064","117499",47,86,1732
"ID1065","117499",36,86,1732
"ID1066","117499",56,86,1732
"ID1067","117499",44,86,1732
"ID1068","117499",58,86,1732
"ID1069","117499",56,86,1732
"ID1070","117499",43,86,1732
"ID1071","117499",29,86,1732
"ID1072","117499",53,86,1732
"ID1073","117499",40,86,1732
"ID1074","117499",46,86,1732
"ID1075","117499",58,86,1732
"ID1076","117499",66,86,1732
"ID1077","117499",60,86,1732
"ID1078","117499",53,86,1732
"ID1079","117499",45,86,1732
"ID1080","117499",69,86,1732
"ID1081","117499",52,86,1732
"ID1082","117499",38,86,1732
"ID1083","117499",53,86,1732
"ID1084","117499",59,86,1732
"ID1085","117499",57,86,1732
"ID1086","117499",53,86,1732
"ID1087","117499",52,86,1732
"ID1088","117499",38,86,1732
"ID1089","117499",59,86,1732
"ID1090","117499",61,86,1732
"ID1091","117499",55,86,1732
"ID1092","117499",55,86,1732
"ID1093","117499",50,86,1732
"ID1094","117499",50,86,1732
"ID1095","117499",50,86,1732
"ID1096","117499",58,86,1732
"ID1097","117499",53,86,1732
"ID1098","117499",58,86,1732
"ID1099","117499",51,86,1732
"ID1100","117499",31,86,1732
"ID1101","117499",51,86,1732
"ID1102","117499",55,86,1732
"ID1103","117499",55,86,1732
"ID1104","117499",44,86,1732
"ID1105","117499",56,86,1732
"ID1106","117499",50,86,1732
"ID1107","117499",55,86,1732
"ID1108","117499",56,86,1732
"ID1109","117499",47,86,1732
"ID1110","117499",49,86,1732
"ID1111","117499",45,86,1732
"ID1112","117499",44,86,1732
"ID1113","117499",37,86,1732
"ID1114","117499",49,86,1732
"ID1115","117499",55,86,1732
"ID1116","117499",55,86,1732
"ID1117","117499",48,86,1732
"ID1118","117499",49,86,1732
"ID1119","117499",58,86,1732
"ID1120","117499",53,86,1732
"ID1121","117499",51,86,1732
"ID1122","117499",45,86,1732
"ID1123","117499",32,86,1732
"ID1124","117499",59,86,1732
"ID1125","117499",55,86,1732
"ID1126","117499",58,86,1732
"ID1127","117499",43,86,1732
"ID1128","117499",59,86,1732
"ID1129","117499",43,86,1732
"ID1130","117499",35,86,1732
"ID1131","117499",42,86,1732
"ID1132","117499",45,86,1732
"ID1133","117499",49,86,1732
"ID1134","117499",50,86,1732
"ID1135","117499",53,86,1732
"ID1136","117499",52,86,1732
"ID1137","117499",47,86,1732
"ID1138","117499",53,86,1732
"ID1139","117499",50,86,1732
"ID1140","117499",61,86,1732
"ID1141","117499",36,86,1732
"ID1142","117499",43,86,1732
"ID1143","117499",46,86,1732
"ID1144","117499",49,86,1732
"ID1145","117499",56,86,1732
"ID1146","117499",56,86,1732
"ID1147","117499",57,86,1732
"ID1148","117499",42,86,1732
"ID1149","117499",40,86,1732
"ID1150","122614",44,37,1732
"ID1151","122614",50,37,1732
"ID1152","122614",52,37,1732
"ID1153","122614",47,37,1732
"ID1154","122614",59,37,1732
"ID1155","122614",43,37,1732
"ID1156","122614",47,37,1732
"ID1157","122614",50,37,1732
"ID1158","122614",41,37,1732
"ID1159","122614",44,37,1732
"ID1160","122614",43,37,1732
"ID1161","122614",56,37,1732
"ID1162","122614",47,37,1732
"ID1163","122614",40,37,1732
"ID1164","122614",56,37,1732
"ID1165","122614",48,37,1732
"ID1166","122614",46,37,1732
"ID1167","122614",55,37,1732
"ID1168","122614",56,37,1732
"ID1169","122614",42,37,1732
"ID1170","122614",45,37,1732
"ID1171","122614",48,37,1732
"ID1172","122614",51,37,1732
"ID1173","122614",66,37,1732
"ID1174","122614",45,37,1732
"ID1175","122614",41,37,1732
"ID1176","122614",57,37,1732
"ID1177","122614",58,37,1732
"ID1178","122614",52,37,1732
"ID1179","122614",38,37,1732
"ID1180","122614",51,37,1732
"ID1181","122614",57,37,1732
"ID1182","122614",47,37,1732
"ID1183","122614",53,37,1732
"ID1184","122614",44,37,1732
"ID1185","122614",58,37,1732
"ID1186","122614",58,37,1732
"ID1187","125807",87,28,1732
"ID1188","125807",52,28,1732
"ID1189","125807",34,28,1732
"ID1190","125807",59,28,1732
"ID1191","125807",47,28,1732
"ID1192","125807",56,28,1732
"ID1193","125807",42,28,1732
"ID1194","125807",55,28,1732
"ID1195","125807",50,28,1732
"ID1196","125807",53,28,1732
"ID1197","125807",63,28,1732
"ID1198","125807",57,28,1732
"ID1199","125807",39,28,1732
"ID1200","125807",55,28,1732
"ID1201","125807",67,28,1732
"ID1202","125807",51,28,1732
"ID1203","125807",61,28,1732
"ID1204","125807",45,28,1732
"ID1205","125807",57,28,1732
"ID1206","125807",64,28,1732
"ID1207","125807",55,28,1732
"ID1208","125807",59,28,1732
"ID1209","125807",56,28,1732
"ID1210","125807",48,28,1732
"ID1211","125807",42,28,1732
"ID1212","125807",50,28,1732
"ID1213","125807",50,28,1732
"ID1214","125807",41,28,1732
"ID1215","127068",33,99,1732
"ID1216","127068",50,99,1732
"ID1217","127068",39,99,1732
"ID1218","127068",64,99,1732
"ID1219","127068",67,99,1732
"ID1220","127068",45,99,1732
"ID1221","127068",45,99,1732
"ID1222","127068",53,99,1732
"ID1223","127068",35,99,1732
"ID1224","127068",50,99,1732
"ID1225","127068",42,99,1732
"ID1226","127068",41,99,1732
"ID1227","127068",31,99,1732
"ID1228","127068",48,99,1732
"ID1229","127068",40,99,1732
"ID1230","127068",58,99,1732
"ID1231","127068",32,99,1732
"ID1232","127068",34,99,1732
"ID1233","127068",44,99,1732
"ID1234","127068",36,99,1732
"ID1235","127068",45,99,1732
"ID1236","127068",40,99,1732
"ID1237","127068",50,99,1732
"ID1238","127068",23,99,1732
"ID1239","127068",40,99,1732
"ID1240","127068",41,99,1732
"ID1241","127068",53,99,1732
"ID1242","127068",47,99,1732
"ID1243","127068",55,99,1732
"ID1244","127068",38,99,1732
"ID1245","127068",33,99,1732
"ID1246","127068",51,99,1732
"ID1247","127068",45,99,1732
"ID1248","127068",50,99,1732
"ID1249","127068",41,99,1732
"ID1250","127068",23,99,1732
"ID1251","127068",45,99,1732
"ID1252","127068",43,99,1732
"ID1253","127068",29,99,1732
"ID1254","127068",48,99,1732
"ID1255","127068",47,99,1732
"ID1256","127068",47,99,1732
"ID1257","127068",45,99,1732
"ID1258","127068",58,99,1732
"ID1259","127068",55,99,1732
"ID1260","127068",34,99,1732
"ID1261","127068",34,99,1732
"ID1262","127068",52,99,1732
"ID1263","127068",50,99,1732
"ID1264","127068",44,99,1732
"ID1265","127068",45,99,1732
"ID1266","127068",58,99,1732
"ID1267","127068",50,99,1732
"ID1268","127068",53,99,1732
"ID1269","127068",42,99,1732
"ID1270","127068",48,99,1732
"ID1271","127068",41,99,1732
"ID1272","127068",51,99,1732
"ID1273","127068",45,99,1732
"ID1274","127068",34,99,1732
"ID1275","127068",50,99,1732
"ID1276","127068",45,99,1732
"ID1277","127068",47,99,1732
"ID1278","127068",47,99,1732
"ID1279","127068",53,99,1732
"ID1280","127068",45,99,1732
"ID1281","127068",53,99,1732
"ID1282","127068",43,99,1732
"ID1283","127068",61,99,1732
"ID1284","127068",40,99,1732
"ID1285","127068",50,99,1732
"ID1286","127068",59,99,1732
"ID1287","127068",49,99,1732
"ID1288","127068",50,99,1732
"ID1289","127068",48,99,1732
"ID1290","127068",42,99,1732
"ID1291","127068",53,99,1732
"ID1292","127068",46,99,1732
"ID1293","127068",46,99,1732
"ID1294","127068",42,99,1732
"ID1295","127068",44,99,1732
"ID1296","127068",47,99,1732
"ID1297","127068",39,99,1732
"ID1298","127068",42,99,1732
"ID1299","127068",55,99,1732
"ID1300","127068",59,99,1732
"ID1301","127068",45,99,1732
"ID1302","127068",29,99,1732
"ID1303","127068",35,99,1732
"ID1304","127068",40,99,1732
"ID1305","127068",45,99,1732
"ID1306","127068",40,99,1732
"ID1307","127068",60,99,1732
"ID1308","127068",46,99,1732
"ID1309","127068",45,99,1732
"ID1310","127068",45,99,1732
"ID1311","127068",50,99,1732
"ID1312","127068",49,99,1732
"ID1313","127068",53,99,1732
"ID1314","135004",27,69,1732
"ID1315","135004",50,69,1732
"ID1316","135004",42,69,1732
"ID1317","135004",47,69,1732
"ID1318","135004",36,69,1732
"ID1319","135004",29,69,1732
"ID1320","135004",45,69,1732
"ID1321","135004",48,69,1732
"ID1322","135004",45,69,1732
"ID1323","135004",29,69,1732
"ID1324","135004",37,69,1732
"ID1325","135004",38,69,1732
"ID1326","135004",57,69,1732
"ID1327","135004",40,69,1732
"ID1328","135004",42,69,1732
"ID1329","135004",41,69,1732
"ID1330","135004",48,69,1732
"ID1331","135004",47,69,1732
"ID1332","135004",44,69,1732
"ID1333","135004",39,69,1732
"ID1334","135004",36,69,1732
"ID1335","135004",37,69,1732
"ID1336","135004",42,69,1732
"ID1337","135004",40,69,1732
"ID1338","135004",50,69,1732
"ID1339","135004",38,69,1732
"ID1340","135004",50,69,1732
"ID1341","135004",48,69,1732
"ID1342","135004",28,69,1732
"ID1343","135004",45,69,1732
"ID1344","135004",64,69,1732
"ID1345","135004",38,69,1732
"ID1346","135004",56,69,1732
"ID1347","135004",45,69,1732
"ID1348","135004",43,69,1732
"ID1349","135004",45,69,1732
"ID1350","135004",49,69,1732
"ID1351","135004",45,69,1732
"ID1352","135004",35,69,1732
"ID1353","135004",49,69,1732
"ID1354","135004",41,69,1732
"ID1355","135004",52,69,1732
"ID1356","135004",47,69,1732
"ID1357","135004",59,69,1732
"ID1358","135004",36,69,1732
"ID1359","135004",48,69,1732
"ID1360","135004",36,69,1732
"ID1361","135004",55,69,1732
"ID1362","135004",49,69,1732
"ID1363","135004",48,69,1732
"ID1364","135004",42,69,1732
"ID1365","135004",40,69,1732
"ID1366","135004",49,69,1732
"ID1367","135004",53,69,1732
"ID1368","135004",43,69,1732
"ID1369","135004",55,69,1732
"ID1370","135004",47,69,1732
"ID1371","135004",52,69,1732
"ID1372","135004",43,69,1732
"ID1373","135004",47,69,1732
"ID1374","135004",50,69,1732
"ID1375","135004",55,69,1732
"ID1376","135004",50,69,1732
"ID1377","135004",46,69,1732
"ID1378","135004",28,69,1732
"ID1379","135004",56,69,1732
"ID1380","135004",46,69,1732
"ID1381","135004",47,69,1732
"ID1382","135004",40,69,1732
"ID1383","135269",43,42,1732
"ID1384","135269",46,42,1732
"ID1385","135269",61,42,1732
"ID1386","135269",53,42,1732
"ID1387","135269",55,42,1732
"ID1388","135269",45,42,1732
"ID1389","135269",36,42,1732
"ID1390","135269",59,42,1732
"ID1391","135269",56,42,1732
"ID1392","135269",38,42,1732
"ID1393","135269",50,42,1732
"ID1394","135269",40,42,1732
"ID1395","135269",40,42,1732
"ID1396","135269",45,42,1732
"ID1397","135269",47,42,1732
"ID1398","135269",50,42,1732
"ID1399","135269",47,42,1732
"ID1400","135269",35,42,1732
"ID1401","135269",40,42,1732
"ID1402","135269",49,42,1732
"ID1403","135269",47,42,1732
"ID1404","135269",52,42,1732
"ID1405","135269",56,42,1732
"ID1406","135269",59,42,1732
"ID1407","135269",55,42,1732
"ID1408","135269",47,42,1732
"ID1409","135269",49,42,1732
"ID1410","135269",40,42,1732
"ID1411","135269",50,42,1732
"ID1412","135269",55,42,1732
"ID1413","135269",45,42,1732
"ID1414","135269",58,42,1732
"ID1415","135269",48,42,1732
"ID1416","135269",57,42,1732
"ID1417","135269",55,42,1732
"ID1418","135269",50,42,1732
"ID1419","135269",72,42,1732
"ID1420","135269",56,42,1732
"ID1421","135269",45,42,1732
"ID1422","135269",52,42,1732
"ID1423","135269",36,42,1732
"ID1424","135269",43,42,1732
"ID1425","135327",70,29,1732
"ID1426","135327",60,29,1732
"ID1427","135327",83,29,1732
"ID1428","135327",48,29,1732
"ID1429","135327",85,29,1732
"ID1430","135327",75,29,1732
"ID1431","135327",79,29,1732
"ID1432","135327",64,29,1732
"ID1433","135327",63,29,1732
"ID1434","135327",81,29,1732
"ID1435","135327",56,29,1732
"ID1436","135327",70,29,1732
"ID1437","135327",64,29,1732
"ID1438","135327",66,29,1732
"ID1439","135327",59,29,1732
"ID1440","135327",67,29,1732
"ID1441","135327",70,29,1732
"ID1442","135327",69,29,1732
"ID1443","135327",55,29,1732
"ID1444","135327",69,29,1732
"ID1445","135327",75,29,1732
"ID1446","135327",56,29,1732
"ID1447","135327",75,29,1732
"ID1448","135327",58,29,1732
"ID1449","135327",65,29,1732
"ID1450","135327",74,29,1732
"ID1451","135327",61,29,1732
"ID1452","135327",63,29,1732
"ID1453","135327",70,29,1732
"ID1454","135749",44,17,1732
"ID1455","135749",53,17,1732
"ID1456","135749",53,17,1732
"ID1457","135749",50,17,1732
"ID1458","135749",52,17,1732
"ID1459","135749",55,17,1732
"ID1460","135749",47,17,1732
"ID1461","135749",53,17,1732
"ID1462","135749",40,17,1732
"ID1463","135749",34,17,1732
"ID1464","135749",53,17,1732
"ID1465","135749",41,17,1732
"ID1466","135749",36,17,1732
"ID1467","135749",43,17,1732
"ID1468","135749",56,17,1732
"ID1469","135749",37,17,1732
"ID1470","135749",42,17,1732
"ID1471","135764",55,23,1732
"ID1472","135764",57,23,1732
"ID1473","135764",38,23,1732
"ID1474","135764",33,23,1732
"ID1475","135764",43,23,1732
"ID1476","135764",45,23,1732
"ID1477","135764",55,23,1732
"ID1478","135764",41,23,1732
"ID1479","135764",31,23,1732
"ID1480","135764",42,23,1732
"ID1481","135764",36,23,1732
"ID1482","135764",46,23,1732
"ID1483","135764",40,23,1732
"ID1484","135764",39,23,1732
"ID1485","135764",38,23,1732
"ID1486","135764",40,23,1732
"ID1487","135764",41,23,1732
"ID1488","135764",40,23,1732
"ID1489","135764",42,23,1732
"ID1490","135764",38,23,1732
"ID1491","135764",55,23,1732
"ID1492","135764",60,23,1732
"ID1493","135764",37,23,1732
"ID1494","139261",38,26,1732
"ID1495","139261",37,26,1732
"ID1496","139261",52,26,1732
"ID1497","139261",27,26,1732
"ID1498","139261",41,26,1732
"ID1499","139261",37,26,1732
"ID1500","139261",52,26,1732
"ID1501","139261",52,26,1732
"ID1502","139261",62,26,1732
"ID1503","139261",50,26,1732
"ID1504","139261",38,26,1732
"ID1505","139261",53,26,1732
"ID1506","139261",52,26,1732
"ID1507","139261",45,26,1732
"ID1508","139261",49,26,1732
"ID1509","139261",50,26,1732
"ID1510","139261",49,26,1732
"ID1511","139261",49,26,1732
"ID1512","139261",40,26,1732
"ID1513","139261",49,26,1732
"ID1514","139261",58,26,1732
"ID1515","139261",51,26,1732
"ID1516","139261",48,26,1732
"ID1517","139261",45,26,1732
"ID1518","139261",47,26,1732
"ID1519","139261",58,26,1732
"ID1520","144337",81,17,1732
"ID1521","144337",99,17,1732
"ID1522","144337",72,17,1732
"ID1523","144337",75,17,1732
"ID1524","144337",77,17,1732
"ID1525","144337",75,17,1732
"ID1526","144337",75,17,1732
"ID1527","144337",81,17,1732
"ID1528","144337",72,17,1732
"ID1529","144337",69,17,1732
"ID1530","144337",72,17,1732
"ID1531","144337",74,17,1732
"ID1532","144337",77,17,1732
"ID1533","144337",69,17,1732
"ID1534","144337",81,17,1732
"ID1535","144337",64,17,1732
"ID1536","144337",66,17,1732
"ID1537","144964",61,23,1732
"ID1538","144964",56,23,1732
"ID1539","144964",67,23,1732
"ID1540","144964",64,23,1732
"ID1541","144964",81,23,1732
"ID1542","144964",48,23,1732
"ID1543","144964",55,23,1732
"ID1544","144964",52,23,1732
"ID1545","144964",66,23,1732
"ID1546","144964",55,23,1732
"ID1547","144964",65,23,1732
"ID1548","144964",53,23,1732
"ID1549","144964",66,23,1732
"ID1550","144964",58,23,1732
"ID1551","144964",53,23,1732
"ID1552","144964",67,23,1732
"ID1553","144964",66,23,1732
"ID1554","144964",66,23,1732
"ID1555","144964",83,23,1732
"ID1556","144964",62,23,1732
"ID1557","144964",50,23,1732
"ID1558","144964",66,23,1732
"ID1559","144964",64,23,1732
"ID1560","147355",49,30,1732
"ID1561","147355",64,30,1732
"ID1562","147355",75,30,1732
"ID1563","147355",70,30,1732
"ID1564","147355",63,30,1732
"ID1565","147355",66,30,1732
"ID1566","147355",74,30,1732
"ID1567","147355",69,30,1732
"ID1568","147355",59,30,1732
"ID1569","147355",59,30,1732
"ID1570","147355",75,30,1732
"ID1571","147355",50,30,1732
"ID1572","147355",87,30,1732
"ID1573","147355",61,30,1732
"ID1574","147355",75,30,1732
"ID1575","147355",50,30,1732
"ID1576","147355",49,30,1732
"ID1577","147355",64,30,1732
"ID1578","147355",57,30,1732
"ID1579","147355",70,30,1732
"ID1580","147355",74,30,1732
"ID1581","147355",57,30,1732
"ID1582","147355",58,30,1732
"ID1583","147355",64,30,1732
"ID1584","147355",59,30,1732
"ID1585","147355",62,30,1732
"ID1586","147355",81,30,1732
"ID1587","147355",63,30,1732
"ID1588","147355",75,30,1732
"ID1589","147355",70,30,1732
"ID1590","151621",67,31,1732
"ID1591","151621",74,31,1732
"ID1592","151621",49,31,1732
"ID1593","151621",75,31,1732
"ID1594","151621",66,31,1732
"ID1595","151621",49,31,1732
"ID1596","151621",67,31,1732
"ID1597","151621",67,31,1732
"ID1598","151621",52,31,1732
"ID1599","151621",60,31,1732
"ID1600","151621",75,31,1732
"ID1601","151621",62,31,1732
"ID1602","151621",47,31,1732
"ID1603","151621",51,31,1732
"ID1604","151621",72,31,1732
"ID1605","151621",36,31,1732
"ID1606","151621",69,31,1732
"ID1607","151621",52,31,1732
"ID1608","151621",69,31,1732
"ID1609","151621",58,31,1732
"ID1610","151621",50,31,1732
"ID1611","151621",57,31,1732
"ID1612","151621",53,31,1732
"ID1613","151621",61,31,1732
"ID1614","151621",63,31,1732
"ID1615","151621",41,31,1732
"ID1616","151621",72,31,1732
"ID1617","151621",48,31,1732
"ID1618","151621",66,31,1732
"ID1619","151621",64,31,1732
"ID1620","151621",67,31,1732
"ID1621","153254",59,28,1732
"ID1622","153254",55,28,1732
"ID1623","153254",55,28,1732
"ID1624","153254",67,28,1732
"ID1625","153254",55,28,1732
"ID1626","153254",47,28,1732
"ID1627","153254",52,28,1732
"ID1628","153254",67,28,1732
"ID1629","153254",57,28,1732
"ID1630","153254",55,28,1732
"ID1631","153254",61,28,1732
"ID1632","153254",62,28,1732
"ID1633","153254",61,28,1732
"ID1634","153254",65,28,1732
"ID1635","153254",61,28,1732
"ID1636","153254",56,28,1732
"ID1637","153254",49,28,1732
"ID1638","153254",53,28,1732
"ID1639","153254",56,28,1732
"ID1640","153254",56,28,1732
"ID1641","153254",55,28,1732
"ID1642","153254",45,28,1732
"ID1643","153254",41,28,1732
"ID1644","153254",74,28,1732
"ID1645","153254",45,28,1732
"ID1646","153254",47,28,1732
"ID1647","153254",61,28,1732
"ID1648","153254",50,28,1732
"ID1649","166538",66,17,1732
"ID1650","166538",61,17,1732
"ID1651","166538",60,17,1732
"ID1652","166538",58,17,1732
"ID1653","166538",58,17,1732
"ID1654","166538",56,17,1732
"ID1655","166538",58,17,1732
"ID1656","166538",67,17,1732
"ID1657","166538",56,17,1732
"ID1658","166538",81,17,1732
"ID1659","166538",50,17,1732
"ID1660","166538",62,17,1732
"ID1661","166538",58,17,1732
"ID1662","166538",64,17,1732
"ID1663","166538",52,17,1732
"ID1664","166538",74,17,1732
"ID1665","166538",53,17,1732
"ID1666","166587",55,21,1732
"ID1667","166587",72,21,1732
"ID1668","166587",52,21,1732
"ID1669","166587",72,21,1732
"ID1670","166587",55,21,1732
"ID1671","166587",53,21,1732
"ID1672","166587",66,21,1732
"ID1673","166587",63,21,1732
"ID1674","166587",58,21,1732
"ID1675","166587",50,21,1732
"ID1676","166587",55,21,1732
"ID1677","166587",52,21,1732
"ID1678","166587",47,21,1732
"ID1679","166587",45,21,1732
"ID1680","166587",55,21,1732
"ID1681","166587",67,21,1732
"ID1682","166587",64,21,1732
"ID1683","166587",48,21,1732
"ID1684","166587",63,21,1732
"ID1685","166587",46,21,1732
"ID1686","166587",51,21,1732
"ID1687","169318",45,33,1732
"ID1688","169318",47,33,1732
"ID1689","169318",39,33,1732
"ID1690","169318",50,33,1732
"ID1691","169318",37,33,1732
"ID1692","169318",42,33,1732
"ID1693","169318",33,33,1732
"ID1694","169318",39,33,1732
"ID1695","169318",49,33,1732
"ID1696","169318",36,33,1732
"ID1697","169318",40,33,1732
"ID1698","169318",40,33,1732
"ID1699","169318",41,33,1732
"ID1700","169318",42,33,1732
"ID1701","169318",43,33,1732
"ID1702","169318",56,33,1732
"ID1703","169318",53,33,1732
"ID1704","169318",45,33,1732
"ID1705","169318",50,33,1732
"ID1706","169318",40,33,1732
"ID1707","169318",44,33,1732
"ID1708","169318",48,33,1732
"ID1709","169318",44,33,1732
"ID1710","169318",50,33,1732
"ID1711","169318",59,33,1732
"ID1712","169318",43,33,1732
"ID1713","169318",55,33,1732
"ID1714","169318",58,33,1732
"ID1715","169318",34,33,1732
"ID1716","169318",44,33,1732
"ID1717","169318",53,33,1732
"ID1718","169318",45,33,1732
"ID1719","169318",56,33,1732
"ID1720","171181",52,13,1732
"ID1721","171181",48,13,1732
"ID1722","171181",53,13,1732
"ID1723","171181",62,13,1732
"ID1724","171181",56,13,1732
"ID1725","171181",50,13,1732
"ID1726","171181",57,13,1732
"ID1727","171181",57,13,1732
"ID1728","171181",50,13,1732
"ID1729","171181",61,13,1732
"ID1730","171181",48,13,1732
"ID1731","171181",59,13,1732
"ID1732","171181",47,13,1732
